[{"company":"123-reg","first_name":"Inglebert","last_name":"Falconer","gender":"Male","age":42},{"company":"163","first_name":"Rafael","last_name":"Bedenham","gender":"Male","age":14},{"company":"163","first_name":"Lemuel","last_name":"Lind","gender":"Male","age":31},{"company":"163","first_name":"Penny","last_name":"Pennone","gender":"Female","age":45},{"company":"163","first_name":"Elva","last_name":"Crighton","gender":"Female","age":52},{"company":"1688","first_name":"Herminia","last_name":"Sisse","gender":"Female","age":55},{"company":"1und1","first_name":"Toby","last_name":"Nisuis","gender":"Female","age":30},{"company":"1und1","first_name":"Kylynn","last_name":"Vedikhov","gender":"Female","age":36},{"company":"1und1","first_name":"Mychal","last_name":"Denison","gender":null,"age":37},{"company":"360","first_name":"Angelle","last_name":"Kupisz","gender":"Female","age":32},{"company":"360","first_name":"Ilario","last_name":"Mannagh","gender":"Male","age":35},{"company":"360","first_name":"Farley","last_name":"Mullenger","gender":"Male","age":41},{"company":"4shared","first_name":"Ginnifer","last_name":"Jarret","gender":"Female","age":5},{"company":"4shared","first_name":"Brody","last_name":"Pinckard","gender":"Male","age":72},{"company":"51","first_name":"Samara","last_name":"Soares","gender":null,"age":30},{"company":"51","first_name":"Gillie","last_name":"Shillinglaw","gender":"Female","age":50},{"company":"51","first_name":"Stanton","last_name":"Rehme","gender":"Male","age":70},{"company":"abc","first_name":"Lukas","last_name":"Krol","gender":"Male","age":8},{"company":"abc","first_name":"Glory","last_name":"Silverthorn","gender":"Female","age":22},{"company":"about","first_name":"Marla","last_name":"Forsard","gender":"Female","age":27},{"company":"about","first_name":"Karita","last_name":"Cantos","gender":"Female","age":44},{"company":"about","first_name":"Isidora","last_name":"Yanyushkin","gender":"Female","age":57},{"company":"aboutads","first_name":"Nikolaus","last_name":"Haulkham","gender":"Male","age":61},{"company":"accuweather","first_name":"Sinclair","last_name":"Leverett","gender":"Male","age":34},{"company":"accuweather","first_name":"Ilyssa","last_name":"Ottewill","gender":"Female","age":60},{"company":"addthis","first_name":"Flossi","last_name":"Metheringham","gender":"Female","age":36},{"company":"admin","first_name":"Ashby","last_name":"Gwilym","gender":"Male","age":20},{"company":"alexa","first_name":"Carrol","last_name":"Terlinden","gender":"Male","age":52},{"company":"alibaba","first_name":"Zebulon","last_name":"Gasnoll","gender":"Male","age":14},{"company":"alibaba","first_name":"Celina","last_name":"Santoro","gender":"Female","age":38},{"company":"altervista","first_name":"Reba","last_name":"Veschambes","gender":"Female","age":67},{"company":"altervista","first_name":"Lancelot","last_name":"Elcomb","gender":"Male","age":76},{"company":"amazon","first_name":"Alejandro","last_name":"Farny","gender":"Male","age":39},{"company":"amazon","first_name":"Harriet","last_name":"Biesty","gender":"Female","age":48},{"company":"amazon","first_name":"Abie","last_name":"Gerrens","gender":"Male","age":54},{"company":"amazon","first_name":"Melosa","last_name":"Borley","gender":"Female","age":58},{"company":"amazonaws","first_name":"Elia","last_name":"Stedmond","gender":"Male","age":63},{"company":"ameblo","first_name":"Gusella","last_name":"Lobe","gender":"Female","age":6},{"company":"answers","first_name":"Rudd","last_name":"Hun","gender":"Male","age":42},{"company":"answers","first_name":"Jere","last_name":"Gartan","gender":"Male","age":52},{"company":"aol","first_name":"Barron","last_name":"Errowe","gender":"Male","age":51},{"company":"apache","first_name":"Brendis","last_name":"Dugood","gender":"Male","age":19},{"company":"apache","first_name":"Carlina","last_name":"Sabine","gender":"Female","age":40},{"company":"apache","first_name":"Dell","last_name":"Craighill","gender":"Male","age":54},{"company":"apple","first_name":"Schuyler","last_name":"Turnbull","gender":"Male","age":46},{"company":"archive","first_name":"Jeane","last_name":"Piscotti","gender":"Female","age":46},{"company":"arizona","first_name":"Aubrette","last_name":"McCalum","gender":"Female","age":60},{"company":"army","first_name":"Lara","last_name":"Eley","gender":"Female","age":67},{"company":"army","first_name":"Rachel","last_name":"Mapplebeck","gender":"Female","age":74},{"company":"arstechnica","first_name":"Padraig","last_name":"Kipping","gender":"Male","age":38},{"company":"artisteer","first_name":"Cesya","last_name":"Alvar","gender":"Female","age":19},{"company":"artisteer","first_name":"Clyve","last_name":"Attenborrow","gender":"Male","age":81},{"company":"auda","first_name":"Jillie","last_name":"Penberthy","gender":"Female","age":9},{"company":"auda","first_name":"Corey","last_name":"Mannagh","gender":"Male","age":27},{"company":"auda","first_name":"Eustacia","last_name":"Mangam","gender":"Female","age":48},{"company":"baidu","first_name":"Bronny","last_name":"Hallin","gender":"Male","age":27},{"company":"bandcamp","first_name":"Shellysheldon","last_name":"McMarquis","gender":"Male","age":25},{"company":"bandcamp","first_name":"Michaeline","last_name":"Mayte","gender":"Female","age":39},{"company":"bandcamp","first_name":"Rebe","last_name":"Brydone","gender":"Female","age":39},{"company":"bandcamp","first_name":"Flossie","last_name":"Swepstone","gender":"Female","age":86},{"company":"barnesandnoble","first_name":"Wilbur","last_name":"MacSweeney","gender":"Male","age":14},{"company":"barnesandnoble","first_name":"Morie","last_name":"Fassam","gender":"Male","age":45},{"company":"barnesandnoble","first_name":"Bobbi","last_name":"Moncey","gender":"Female","age":53},{"company":"bbb","first_name":"Sayre","last_name":"Asche","gender":"Female","age":57},{"company":"bbb","first_name":"Reg","last_name":"Sheffield","gender":"Male","age":58},{"company":"bbc","first_name":"Clarey","last_name":"Casbolt","gender":"Female","age":55},{"company":"bbc","first_name":"Denny","last_name":"Hryniewicz","gender":"Male","age":65},{"company":"behance","first_name":"Cassondra","last_name":"Bernardoni","gender":"Female","age":41},{"company":"behance","first_name":"Arliene","last_name":"Raittie","gender":"Female","age":43},{"company":"behance","first_name":"Nolana","last_name":"Hammett","gender":"Female","age":47},{"company":"behance","first_name":"Valentia","last_name":"Melonby","gender":"Female","age":84},{"company":"berkeley","first_name":"Anatollo","last_name":"Eversley","gender":"Male","age":85},{"company":"biblegateway","first_name":"Jillie","last_name":"Berrane","gender":"Female","age":47},{"company":"biblegateway","first_name":"Larry","last_name":"Rosenfelder","gender":"Male","age":47},{"company":"bigcartel","first_name":"Myrtle","last_name":"Willcocks","gender":"Female","age":36},{"company":"bigcartel","first_name":"Iver","last_name":"Baribal","gender":"Male","age":38},{"company":"bigcartel","first_name":"Morey","last_name":"Corke","gender":"Male","age":51},{"company":"biglobe","first_name":"Estevan","last_name":"Perview","gender":"Male","age":34},{"company":"bing","first_name":"Erma","last_name":"MacCaffrey","gender":"Female","age":38},{"company":"bing","first_name":"Justino","last_name":"Corro","gender":"Male","age":56},{"company":"bizjournals","first_name":"Claudie","last_name":"Wedgwood","gender":"Female","age":27},{"company":"bizjournals","first_name":"Keefe","last_name":"Brownsall","gender":"Male","age":59},{"company":"bizjournals","first_name":"Sharleen","last_name":"Fridd","gender":"Female","age":77},{"company":"blinklist","first_name":"Kane","last_name":"Cauderlie","gender":"Male","age":44},{"company":"blinklist","first_name":"Lanita","last_name":"Pasley","gender":"Female","age":47},{"company":"blog","first_name":"Charity","last_name":"Reuss","gender":"Female","age":24},{"company":"bloglovin","first_name":"Corbie","last_name":"Adamsen","gender":"Male","age":56},{"company":"bloglovin","first_name":"Mandi","last_name":"Crease","gender":"Female","age":61},{"company":"blogs","first_name":"Mateo","last_name":"Tremblet","gender":"Male","age":37},{"company":"blogs","first_name":"Gennifer","last_name":"Grinnov","gender":"Female","age":38},{"company":"blogs","first_name":"Roze","last_name":"Guion","gender":"Female","age":40},{"company":"blogs","first_name":"Melina","last_name":"Ferns","gender":"Female","age":63},{"company":"blogs","first_name":"Neall","last_name":"Reaper","gender":"Male","age":77},{"company":"blogspot","first_name":"Arly","last_name":"Brehault","gender":"Female","age":31},{"company":"blogtalkradio","first_name":"Clim","last_name":"Kirsche","gender":"Male","age":35},{"company":"bloomberg","first_name":"Win","last_name":"Landman","gender":"Male","age":17},{"company":"bluehost","first_name":"Kristy","last_name":"Harkin","gender":"Female","age":35},{"company":"bluehost","first_name":"Andi","last_name":"Kilgour","gender":"Female","age":36},{"company":"bluehost","first_name":"Ettie","last_name":"Brookz","gender":"Female","age":45},{"company":"bluehost","first_name":"Chrisy","last_name":"Earry","gender":"Male","age":60},{"company":"bluehost","first_name":"Margarete","last_name":"McCay","gender":"Female","age":70},{"company":"booking","first_name":"Killian","last_name":"Parrish","gender":"Male","age":36},{"company":"booking","first_name":"Bertram","last_name":"Corp","gender":"Male","age":54},{"company":"businessinsider","first_name":"Sampson","last_name":"Wrangle","gender":"Male","age":30},{"company":"businessweek","first_name":"Karine","last_name":"Iskow","gender":"Female","age":29},{"company":"businesswire","first_name":"Jacques","last_name":"Marskell","gender":"Male","age":17},{"company":"businesswire","first_name":"Duky","last_name":"Akast","gender":"Male","age":32},{"company":"businesswire","first_name":"Charil","last_name":"Fake","gender":"Female","age":34},{"company":"businesswire","first_name":"Connie","last_name":"Benbrick","gender":"Female","age":45},{"company":"businesswire","first_name":"Prent","last_name":"Bewicke","gender":"Male","age":54},{"company":"businesswire","first_name":"Retha","last_name":"Josskowitz","gender":"Female","age":61},{"company":"buzzfeed","first_name":"Annecorinne","last_name":"Pickering","gender":"Female","age":77},{"company":"ca","first_name":"Stafford","last_name":"McNay","gender":"Male","age":28},{"company":"ca","first_name":"Care","last_name":"Dufty","gender":"Male","age":63},{"company":"ca","first_name":"Anabel","last_name":"Iliff","gender":"Female","age":64},{"company":"cafepress","first_name":"Billy","last_name":"Prewett","gender":"Male","age":11},{"company":"cafepress","first_name":"Hertha","last_name":"Castellucci","gender":"Female","age":18},{"company":"cafepress","first_name":"Tully","last_name":"Deans","gender":"Male","age":85},{"company":"cam","first_name":"Bartie","last_name":"Olivari","gender":"Male","age":21},{"company":"cam","first_name":"Daven","last_name":"Caville","gender":"Male","age":54},{"company":"cam","first_name":"Montague","last_name":"Peete","gender":"Male","age":64},{"company":"cam","first_name":"Sal","last_name":"Bischop","gender":"Male","age":83},{"company":"cam","first_name":"Hamel","last_name":"Foch","gender":"Male","age":97},{"company":"canalblog","first_name":"Rory","last_name":"Jersch","gender":"Female","age":32},{"company":"canalblog","first_name":"Edmund","last_name":"Wanell","gender":"Male","age":42},{"company":"canalblog","first_name":"Alissa","last_name":"Ganforthe","gender":"Female","age":57},{"company":"cargocollective","first_name":"Cara","last_name":"Beckhouse","gender":"Female","age":9},{"company":"cbc","first_name":"Zachery","last_name":"Pentin","gender":"Male","age":26},{"company":"cbc","first_name":"Joyous","last_name":"Ianelli","gender":"Female","age":34},{"company":"cbslocal","first_name":"Vitia","last_name":"Gurwood","gender":"Female","age":9},{"company":"cbslocal","first_name":"Darleen","last_name":"Robken","gender":"Female","age":61},{"company":"cbsnews","first_name":"Cletis","last_name":"Gulliman","gender":"Male","age":53},{"company":"cdbaby","first_name":"Bambi","last_name":"Fidilis","gender":"Female","age":69},{"company":"cdc","first_name":"Sharyl","last_name":"Jedrzej","gender":"Female","age":50},{"company":"census","first_name":"Ichabod","last_name":"Nugent","gender":"Male","age":58},{"company":"census","first_name":"Elvyn","last_name":"Barclay","gender":"Male","age":76},{"company":"chicagotribune","first_name":"Chane","last_name":"Ryott","gender":"Male","age":18},{"company":"chicagotribune","first_name":"Ozzy","last_name":"Ruby","gender":"Male","age":34},{"company":"chicagotribune","first_name":"Rozele","last_name":"Gravenor","gender":"Female","age":46},{"company":"chicagotribune","first_name":"Lynn","last_name":"Dowgill","gender":"Male","age":47},{"company":"china","first_name":"Zaneta","last_name":"Waddie","gender":"Female","age":46},{"company":"chron","first_name":"Luciana","last_name":"Selwyn","gender":"Female","age":56},{"company":"chronoengine","first_name":"Theodora","last_name":"Reyes","gender":"Female","age":28},{"company":"cisco","first_name":"Elliot","last_name":"Radki","gender":"Male","age":42},{"company":"clickbank","first_name":"Pru","last_name":"Bracher","gender":"Female","age":43},{"company":"clickbank","first_name":"Edin","last_name":"Crangle","gender":"Female","age":45},{"company":"clickbank","first_name":"Rodolphe","last_name":"Tenaunt","gender":"Male","age":47},{"company":"cloudflare","first_name":"Haven","last_name":"Gianni","gender":"Male","age":30},{"company":"cloudflare","first_name":"Mathias","last_name":"Loosmore","gender":"Male","age":50},{"company":"cloudflare","first_name":"Morgana","last_name":"Callender","gender":"Female","age":52},{"company":"cmu","first_name":"Emmie","last_name":"Buggy","gender":"Female","age":65},{"company":"cnbc","first_name":"Krystle","last_name":"Habbes","gender":"Female","age":29},{"company":"cnbc","first_name":"Karel","last_name":"Gary","gender":null,"age":32},{"company":"cnbc","first_name":"Nicky","last_name":"Dugald","gender":"Female","age":34},{"company":"cnbc","first_name":"Isabeau","last_name":"Polet","gender":"Female","age":53},{"company":"cnbc","first_name":"Jarib","last_name":"Ealles","gender":null,"age":61},{"company":"cnbc","first_name":"Haleigh","last_name":"Schutte","gender":"Male","age":64},{"company":"cnet","first_name":"Sansone","last_name":"Skinn","gender":null,"age":49},{"company":"cnet","first_name":"Anstice","last_name":"Smallwood","gender":"Female","age":58},{"company":"cnet","first_name":"Tadio","last_name":"Blackford","gender":"Male","age":66},{"company":"cnn","first_name":"Vasilis","last_name":"Lockhart","gender":"Male","age":7},{"company":"columbia","first_name":"Sybyl","last_name":"Pickrell","gender":"Female","age":22},{"company":"com","first_name":"Arlene","last_name":"Poinsett","gender":"Female","age":42},{"company":"com","first_name":"Allina","last_name":"Ludwell","gender":"Female","age":56},{"company":"com","first_name":"Yank","last_name":"Shirland","gender":"Male","age":60},{"company":"comcast","first_name":"Sherwin","last_name":"Kerbler","gender":"Male","age":36},{"company":"comcast","first_name":"Georas","last_name":"Puden","gender":"Male","age":63},{"company":"comsenz","first_name":"Robinett","last_name":"Glede","gender":"Female","age":10},{"company":"comsenz","first_name":"Otha","last_name":"Mcwhinney","gender":"Female","age":25},{"company":"comsenz","first_name":"Kalli","last_name":"Argile","gender":"Female","age":75},{"company":"cornell","first_name":"Vick","last_name":"Ketley","gender":"Male","age":25},{"company":"cornell","first_name":"Gawen","last_name":"Louca","gender":"Male","age":53},{"company":"cpanel","first_name":"Janetta","last_name":"Denny","gender":"Female","age":34},{"company":"craigslist","first_name":"Nalani","last_name":"Kindon","gender":"Female","age":46},{"company":"creativecommons","first_name":"Frederica","last_name":"Vaux","gender":"Female","age":48},{"company":"csmonitor","first_name":"Wyn","last_name":"Findlater","gender":"Male","age":48},{"company":"cyberchimps","first_name":"Quintina","last_name":"Dulson","gender":"Female","age":37},{"company":"dagondesign","first_name":"Liam","last_name":"Shorthill","gender":"Male","age":20},{"company":"dagondesign","first_name":"Misti","last_name":"Chavez","gender":"Female","age":60},{"company":"dagondesign","first_name":"Shaylah","last_name":"Worgan","gender":"Female","age":73},{"company":"dailymail","first_name":"Vittoria","last_name":"Durrington","gender":"Female","age":3},{"company":"dailymail","first_name":"Aldous","last_name":"Beeby","gender":"Male","age":7},{"company":"dailymail","first_name":"Vance","last_name":"Brownsill","gender":"Male","age":32},{"company":"dailymail","first_name":"Nellie","last_name":"Abby","gender":"Female","age":39},{"company":"dailymail","first_name":"Garald","last_name":"Malkinson","gender":"Male","age":52},{"company":"dailymotion","first_name":"Simon","last_name":"Stewartson","gender":"Male","age":37},{"company":"dailymotion","first_name":"Arabel","last_name":"Scane","gender":"Female","age":54},{"company":"dailymotion","first_name":"Emmaline","last_name":"Giovannardi","gender":"Female","age":54},{"company":"dailymotion","first_name":"Rona","last_name":"St. Quentin","gender":"Female","age":85},{"company":"de","first_name":"Orv","last_name":"Honeywood","gender":"Male","age":4},{"company":"de","first_name":"Culver","last_name":"Sweeting","gender":"Male","age":47},{"company":"de","first_name":"Issi","last_name":"Muehle","gender":"Female","age":64},{"company":"dedecms","first_name":"Christina","last_name":"Pestell","gender":"Female","age":31},{"company":"dedecms","first_name":"Thornie","last_name":"Rintoul","gender":"Male","age":40},{"company":"dedecms","first_name":"Edgardo","last_name":"Rowett","gender":"Male","age":54},{"company":"delicious","first_name":"Cathleen","last_name":"Lewis","gender":"Female","age":16},{"company":"delicious","first_name":"Callean","last_name":"Fries","gender":"Male","age":45},{"company":"delicious","first_name":"Edlin","last_name":"Croy","gender":"Male","age":52},{"company":"delicious","first_name":"Lincoln","last_name":"Eates","gender":"Male","age":66},{"company":"deliciousdays","first_name":"Mead","last_name":"Colchett","gender":"Female","age":34},{"company":"dell","first_name":"Luce","last_name":"Witton","gender":"Male","age":86},{"company":"desdev","first_name":"Carie","last_name":"Deavin","gender":"Female","age":27},{"company":"devhub","first_name":"Chandra","last_name":"Swate","gender":"Female","age":34},{"company":"deviantart","first_name":"Vikky","last_name":"Carlisle","gender":"Female","age":2},{"company":"deviantart","first_name":"Kit","last_name":"Howship","gender":"Female","age":28},{"company":"deviantart","first_name":"Enriqueta","last_name":"Raggles","gender":"Female","age":34},{"company":"deviantart","first_name":"Dana","last_name":"Morrilly","gender":"Female","age":48},{"company":"digg","first_name":"Rosita","last_name":"Lumpkin","gender":"Female","age":9},{"company":"digg","first_name":"Clementius","last_name":"Ayton","gender":"Male","age":22},{"company":"digg","first_name":"Butch","last_name":"Hovey","gender":"Male","age":29},{"company":"digg","first_name":"Myranda","last_name":"Olechnowicz","gender":"Female","age":51},{"company":"digg","first_name":"Herve","last_name":"Ingarfield","gender":"Male","age":64},{"company":"dion","first_name":"Durante","last_name":"Dolohunty","gender":"Male","age":56},{"company":"dion","first_name":"Hall","last_name":"Belsham","gender":"Male","age":83},{"company":"discuz","first_name":"Zacharias","last_name":"Northage","gender":"Male","age":49},{"company":"disqus","first_name":"Eric","last_name":"Rogeon","gender":"Male","age":37},{"company":"disqus","first_name":"Alvin","last_name":"Thwaite","gender":"Male","age":51},{"company":"dmoz","first_name":"Dugald","last_name":"Sunshine","gender":"Male","age":9},{"company":"dmoz","first_name":"Antonino","last_name":"Hyder","gender":"Male","age":28},{"company":"dmoz","first_name":"Sabina","last_name":"Bryning","gender":"Female","age":33},{"company":"dmoz","first_name":"Jarid","last_name":"Bodicam","gender":"Male","age":45},{"company":"dmoz","first_name":"Forbes","last_name":"Betun","gender":"Male","age":48},{"company":"domainmarket","first_name":"Lotty","last_name":"Dooler","gender":"Female","age":30},{"company":"domainmarket","first_name":"Rickie","last_name":"Hazeltine","gender":"Male","age":33},{"company":"domainmarket","first_name":"Frederich","last_name":"Abbotts","gender":"Male","age":59},{"company":"dot","first_name":"Vida","last_name":"Tomlinson","gender":"Female","age":18},{"company":"dot","first_name":"Iggy","last_name":"Pashan","gender":"Male","age":33},{"company":"dot","first_name":"Gena","last_name":"Adamson","gender":"Female","age":34},{"company":"dot","first_name":"Wallache","last_name":"Humpherson","gender":"Male","age":38},{"company":"dot","first_name":"Sander","last_name":"Langland","gender":"Male","age":95},{"company":"dropbox","first_name":"Hallie","last_name":"Goodson","gender":"Female","age":28},{"company":"drupal","first_name":"Raimondo","last_name":"Noice","gender":"Male","age":34},{"company":"drupal","first_name":"Blake","last_name":"Wank","gender":"Male","age":36},{"company":"drupal","first_name":"Madelena","last_name":"St Angel","gender":"Female","age":49},{"company":"drupal","first_name":"Leo","last_name":"Hattersley","gender":"Male","age":83},{"company":"dyndns","first_name":"Claudia","last_name":"Bayle","gender":"Female","age":16},{"company":"dyndns","first_name":"Merle","last_name":"Evill","gender":"Female","age":40},{"company":"dyndns","first_name":"Brianne","last_name":"Connew","gender":null,"age":49},{"company":"dyndns","first_name":"Frederica","last_name":"Roantree","gender":"Female","age":67},{"company":"e-recht24","first_name":"Hagan","last_name":"Scourgie","gender":"Male","age":27},{"company":"e-recht24","first_name":"Emmalee","last_name":"Hogbin","gender":"Female","age":59},{"company":"earthlink","first_name":"Gill","last_name":"Bottomley","gender":"Male","age":25},{"company":"earthlink","first_name":"Royal","last_name":"Cristofanini","gender":"Male","age":42},{"company":"ebay","first_name":"Barth","last_name":"Skettles","gender":"Male","age":15},{"company":"ebay","first_name":"Allen","last_name":"Scannell","gender":"Male","age":23},{"company":"ebay","first_name":"Clim","last_name":"Roddam","gender":"Male","age":29},{"company":"ebay","first_name":"Papageno","last_name":"Brambill","gender":"Male","age":36},{"company":"ebay","first_name":"Elset","last_name":"Romanski","gender":"Female","age":41},{"company":"ebay","first_name":"Nikolos","last_name":"Wressell","gender":"Male","age":51},{"company":"ebay","first_name":"Georg","last_name":"Matteris","gender":"Male","age":64},{"company":"ebay","first_name":"Nichols","last_name":"Flintoffe","gender":"Male","age":65},{"company":"economist","first_name":"Bobby","last_name":"McMenemy","gender":"Male","age":34},{"company":"economist","first_name":"Natasha","last_name":"Hornig","gender":"Female","age":48},{"company":"economist","first_name":"Mickie","last_name":"Whelpdale","gender":"Female","age":80},{"company":"ed","first_name":"Dar","last_name":"Simoneton","gender":"Male","age":31},{"company":"ed","first_name":"Der","last_name":"Piotrowski","gender":"Male","age":33},{"company":"edublogs","first_name":"Melamie","last_name":"Armell","gender":"Female","age":30},{"company":"edublogs","first_name":"Carleton","last_name":"Staneland","gender":"Male","age":41},{"company":"edublogs","first_name":"Orbadiah","last_name":"Mattholie","gender":"Male","age":68},{"company":"eepurl","first_name":"Agnesse","last_name":"Cockrem","gender":"Female","age":45},{"company":"eepurl","first_name":"Harlen","last_name":"Teape","gender":"Male","age":54},{"company":"eepurl","first_name":"Jesse","last_name":"Urwen","gender":"Female","age":62},{"company":"ehow","first_name":"Jillayne","last_name":"Shirley","gender":"Female","age":40},{"company":"ehow","first_name":"Seward","last_name":"Worsnop","gender":"Male","age":69},{"company":"elegantthemes","first_name":"Georgianne","last_name":"McLauchlin","gender":"Female","age":63},{"company":"engadget","first_name":"Windham","last_name":"Cubbin","gender":"Male","age":70},{"company":"epa","first_name":"Darn","last_name":"Redwood","gender":"Male","age":8},{"company":"etsy","first_name":"Felita","last_name":"Siemandl","gender":"Female","age":14},{"company":"etsy","first_name":"Odella","last_name":"Casserly","gender":"Female","age":21},{"company":"etsy","first_name":"Erny","last_name":"Baddiley","gender":"Male","age":59},{"company":"etsy","first_name":"Newton","last_name":"Addington","gender":"Male","age":59},{"company":"etsy","first_name":"Theobald","last_name":"Hanington","gender":"Male","age":66},{"company":"etsy","first_name":"Scarface","last_name":"Exer","gender":"Male","age":77},{"company":"europa","first_name":"Rolland","last_name":"Cornall","gender":"Male","age":32},{"company":"europa","first_name":"Armando","last_name":"Baison","gender":"Male","age":56},{"company":"europa","first_name":"Rosalie","last_name":"Zahor","gender":"Female","age":63},{"company":"examiner","first_name":"Esdras","last_name":"Kern","gender":null,"age":36},{"company":"example","first_name":"Melisent","last_name":"Frondt","gender":"Female","age":25},{"company":"example","first_name":"Cassey","last_name":"Giurio","gender":"Female","age":50},{"company":"example","first_name":"Elvis","last_name":"Fleeming","gender":"Male","age":66},{"company":"exblog","first_name":"Lorie","last_name":"Jeskin","gender":"Female","age":26},{"company":"ezinearticles","first_name":"Hendrika","last_name":"Claque","gender":"Female","age":38},{"company":"ezinearticles","first_name":"Quent","last_name":"Alejandro","gender":"Male","age":57},{"company":"ezinearticles","first_name":"Luisa","last_name":"Gianiello","gender":"Female","age":59},{"company":"facebook","first_name":"Lorettalorna","last_name":"Grunder","gender":"Female","age":9},{"company":"facebook","first_name":"Sandor","last_name":"Harcus","gender":"Male","age":13},{"company":"facebook","first_name":"Allistir","last_name":"Sor","gender":"Male","age":20},{"company":"fastcompany","first_name":"Elyn","last_name":"Lennarde","gender":"Female","age":85},{"company":"fc2","first_name":"Sherwin","last_name":"Burns","gender":"Male","age":36},{"company":"fc2","first_name":"Urbano","last_name":"Schukert","gender":"Male","age":48},{"company":"fc2","first_name":"Franz","last_name":"Macci","gender":"Male","age":49},{"company":"fda","first_name":"Alyosha","last_name":"Scollan","gender":"Male","age":26},{"company":"fda","first_name":"Smith","last_name":"Fenna","gender":"Male","age":34},{"company":"fda","first_name":"Terri-jo","last_name":"Toomey","gender":null,"age":43},{"company":"feedburner","first_name":"Damiano","last_name":"Orys","gender":null,"age":36},{"company":"feedburner","first_name":"Pennie","last_name":"Tawn","gender":"Male","age":38},{"company":"feedburner","first_name":"Mayne","last_name":"Lambotin","gender":"Male","age":41},{"company":"feedburner","first_name":"Keith","last_name":"Coase","gender":"Male","age":60},{"company":"fema","first_name":"Rhianna","last_name":"Dauncey","gender":"Female","age":14},{"company":"fema","first_name":"Rivi","last_name":"Brade","gender":"Female","age":35},{"company":"flavors","first_name":"Zondra","last_name":"Sievewright","gender":"Female","age":41},{"company":"flavors","first_name":"Charmine","last_name":"Brigge","gender":"Female","age":41},{"company":"flickr","first_name":"Dorian","last_name":"Mc Meekin","gender":"Female","age":19},{"company":"fotki","first_name":"Trevar","last_name":"Popplewell","gender":"Male","age":2},{"company":"fotki","first_name":"Merna","last_name":"Manske","gender":"Female","age":57},{"company":"foxnews","first_name":"Nonah","last_name":"Portinari","gender":null,"age":21},{"company":"foxnews","first_name":"Susana","last_name":"Kaesmans","gender":"Female","age":48},{"company":"foxnews","first_name":"Norman","last_name":"Keave","gender":"Male","age":66},{"company":"free","first_name":"Guinna","last_name":"Bradlaugh","gender":"Female","age":38},{"company":"freewebs","first_name":"Nickey","last_name":"Clayson","gender":"Male","age":58},{"company":"friendfeed","first_name":"Gayler","last_name":"Roselli","gender":"Male","age":35},{"company":"friendfeed","first_name":"Dinah","last_name":"Crombie","gender":"Female","age":40},{"company":"ft","first_name":"Barnett","last_name":"Orteau","gender":"Male","age":5},{"company":"ft","first_name":"Brandy","last_name":"D'Costa","gender":"Female","age":31},{"company":"ft","first_name":"Dona","last_name":"Dumberell","gender":"Female","age":39},{"company":"ft","first_name":"Ivy","last_name":"Cardo","gender":"Female","age":43},{"company":"ftc","first_name":"Cass","last_name":"Macia","gender":"Male","age":42},{"company":"ftc","first_name":"Sloane","last_name":"Skoate","gender":"Male","age":54},{"company":"furl","first_name":"Karilynn","last_name":"Van Weedenburg","gender":"Female","age":66},{"company":"furl","first_name":"Prisca","last_name":"Le Friec","gender":null,"age":87},{"company":"g","first_name":"Seline","last_name":"Arnaldy","gender":"Female","age":46},{"company":"g","first_name":"Oswald","last_name":"Pawels","gender":"Male","age":57},{"company":"geocities","first_name":"Karlene","last_name":"Bartolomeo","gender":"Female","age":21},{"company":"geocities","first_name":"North","last_name":"Hallgate","gender":"Male","age":33},{"company":"geocities","first_name":"Malcolm","last_name":"Habberjam","gender":"Male","age":35},{"company":"geocities","first_name":"Gareth","last_name":"Chadbourne","gender":"Male","age":44},{"company":"geocities","first_name":"Roslyn","last_name":"Bendley","gender":"Female","age":44},{"company":"geocities","first_name":"Rodney","last_name":"Kippling","gender":"Male","age":90},{"company":"github","first_name":"Mikel","last_name":"Feldman","gender":"Male","age":9},{"company":"github","first_name":"Constantia","last_name":"Karlolak","gender":"Female","age":36},{"company":"github","first_name":"Hew","last_name":"Addy","gender":"Male","age":48},{"company":"gizmodo","first_name":"Cornie","last_name":"Cahalin","gender":"Female","age":23},{"company":"gizmodo","first_name":"Murray","last_name":"Fike","gender":"Male","age":82},{"company":"globo","first_name":"Hersh","last_name":"Lethibridge","gender":"Male","age":37},{"company":"globo","first_name":"Etta","last_name":"Smorthwaite","gender":"Female","age":69},{"company":"globo","first_name":"Jock","last_name":"Congreave","gender":"Male","age":69},{"company":"globo","first_name":"Estell","last_name":"Joynt","gender":"Female","age":71},{"company":"gmpg","first_name":"Kristo","last_name":"Caddies","gender":"Male","age":42},{"company":"gnu","first_name":"Shepperd","last_name":"Beedham","gender":"Male","age":3},{"company":"gnu","first_name":"Cass","last_name":"Proom","gender":"Male","age":30},{"company":"gnu","first_name":"Bart","last_name":"Concannon","gender":"Male","age":59},{"company":"gnu","first_name":"Garry","last_name":"Fancet,","gender":"Male","age":66},{"company":"go","first_name":"Sascha","last_name":"De Michetti","gender":"Female","age":1},{"company":"go","first_name":"Forrester","last_name":"Lamprecht","gender":"Male","age":35},{"company":"go","first_name":"Read","last_name":"Arnaudet","gender":"Male","age":45},{"company":"godaddy","first_name":"Mariann","last_name":"MacDearmont","gender":"Female","age":52},{"company":"godaddy","first_name":"Stacee","last_name":"Flanders","gender":null,"age":54},{"company":"godaddy","first_name":"Hobart","last_name":"Schmuhl","gender":"Male","age":66},{"company":"godaddy","first_name":"Mallissa","last_name":"Huton","gender":"Female","age":67},{"company":"goo","first_name":"Luisa","last_name":"Withull","gender":"Female","age":25},{"company":"goo","first_name":"Corilla","last_name":"Rey","gender":"Female","age":42},{"company":"goo","first_name":"Lorraine","last_name":"Leverton","gender":"Female","age":53},{"company":"goo","first_name":"Letti","last_name":"Minshall","gender":"Female","age":59},{"company":"goo","first_name":"Amargo","last_name":"Grigor","gender":"Female","age":60},{"company":"goo","first_name":"Archibold","last_name":"Pennetta","gender":"Male","age":60},{"company":"goo","first_name":"Ozzie","last_name":"Woolley","gender":"Male","age":70},{"company":"goo","first_name":"Camey","last_name":"Agiolfinger","gender":"Male","age":85},{"company":"goodreads","first_name":"Jo","last_name":"Grangier","gender":"Female","age":30},{"company":"goodreads","first_name":"Randene","last_name":"Gowen","gender":"Female","age":57},{"company":"goodreads","first_name":"Mallissa","last_name":"Standrin","gender":"Female","age":81},{"company":"google","first_name":"Desmund","last_name":"Shepley","gender":"Male","age":7},{"company":"google","first_name":"Ab","last_name":"Tetley","gender":"Male","age":19},{"company":"google","first_name":"Reinwald","last_name":"Clogg","gender":"Male","age":21},{"company":"google","first_name":"Ab","last_name":"Dregan","gender":"Male","age":22},{"company":"google","first_name":"Manfred","last_name":"Lidster","gender":"Male","age":24},{"company":"google","first_name":"Frank","last_name":"Kennermann","gender":"Male","age":27},{"company":"google","first_name":"Aaren","last_name":"Gulvin","gender":"Female","age":29},{"company":"google","first_name":"Wally","last_name":"Barde","gender":"Female","age":30},{"company":"google","first_name":"Clari","last_name":"Humbey","gender":"Female","age":33},{"company":"google","first_name":"Gustave","last_name":"Woolatt","gender":null,"age":36},{"company":"google","first_name":"Fidela","last_name":"Rangeley","gender":"Female","age":36},{"company":"google","first_name":"Maxwell","last_name":"Jorio","gender":"Male","age":41},{"company":"google","first_name":"Shep","last_name":"Jerche","gender":"Male","age":45},{"company":"google","first_name":"Didi","last_name":"Semens","gender":"Female","age":45},{"company":"google","first_name":"Bear","last_name":"Barraclough","gender":"Male","age":46},{"company":"google","first_name":"Lucienne","last_name":"Facher","gender":"Female","age":49},{"company":"google","first_name":"Bellanca","last_name":"Spaven","gender":"Female","age":52},{"company":"google","first_name":"Clemmy","last_name":"Wallbridge","gender":"Male","age":52},{"company":"google","first_name":"Dalia","last_name":"Hancke","gender":"Female","age":56},{"company":"google","first_name":"Brit","last_name":"Bocken","gender":"Male","age":57},{"company":"google","first_name":"Cleon","last_name":"Primarolo","gender":"Male","age":61},{"company":"google","first_name":"Kelby","last_name":"Tichner","gender":"Male","age":62},{"company":"google","first_name":"Willy","last_name":"Cummungs","gender":"Male","age":63},{"company":"google","first_name":"Clayton","last_name":"Curdell","gender":"Male","age":65},{"company":"google","first_name":"Amandie","last_name":"Dyett","gender":"Female","age":66},{"company":"google","first_name":"Allie","last_name":"Domm","gender":"Female","age":68},{"company":"google","first_name":"Renard","last_name":"Tissington","gender":"Male","age":77},{"company":"google","first_name":"Margo","last_name":"Leach","gender":"Female","age":81},{"company":"gravatar","first_name":"Abbe","last_name":"Stockdale","gender":"Male","age":27},{"company":"gravatar","first_name":"Rochell","last_name":"Daft","gender":"Female","age":33},{"company":"gravatar","first_name":"Walt","last_name":"Doret","gender":null,"age":35},{"company":"gravatar","first_name":"Hattie","last_name":"Gartery","gender":"Female","age":45},{"company":"guardian","first_name":"Gunter","last_name":"Clay","gender":"Male","age":0},{"company":"guardian","first_name":"Angeline","last_name":"Dumphrey","gender":"Female","age":15},{"company":"hao123","first_name":"Martie","last_name":"Symones","gender":"Female","age":34},{"company":"harvard","first_name":"Hillary","last_name":"Heffernan","gender":"Male","age":23},{"company":"harvard","first_name":"Jermayne","last_name":"Gounard","gender":"Male","age":46},{"company":"harvard","first_name":"Rollin","last_name":"Biggerdike","gender":"Male","age":68},{"company":"harvard","first_name":"Charisse","last_name":"Ivasyushkin","gender":"Female","age":74},{"company":"hatena","first_name":"Minor","last_name":"Kynaston","gender":"Male","age":35},{"company":"hatena","first_name":"Neille","last_name":"McCahey","gender":"Female","age":39},{"company":"hatena","first_name":"Mordy","last_name":"Newe","gender":"Male","age":44},{"company":"hatena","first_name":"Rebe","last_name":"Gilder","gender":"Female","age":58},{"company":"hatena","first_name":"Constance","last_name":"Barnewille","gender":"Female","age":63},{"company":"hatena","first_name":"Elbertina","last_name":"Scane","gender":"Female","age":65},{"company":"hatena","first_name":"Xaviera","last_name":"St. Louis","gender":"Female","age":84},{"company":"hc360","first_name":"Cosimo","last_name":"Reinert","gender":"Male","age":56},{"company":"hexun","first_name":"Dave","last_name":"Kelner","gender":"Male","age":44},{"company":"hhs","first_name":"Selma","last_name":"Gransden","gender":"Female","age":20},{"company":"hhs","first_name":"Eugene","last_name":"Marflitt","gender":"Male","age":40},{"company":"hibu","first_name":"Keen","last_name":"MacDermot","gender":"Male","age":14},{"company":"hibu","first_name":"Berkie","last_name":"Sauniere","gender":"Male","age":48},{"company":"hibu","first_name":"Cally","last_name":"Dreger","gender":"Female","age":79},{"company":"histats","first_name":"Cyb","last_name":"Beany","gender":"Female","age":28},{"company":"home","first_name":"Cristionna","last_name":"Crosland","gender":"Female","age":24},{"company":"home","first_name":"Waneta","last_name":"Wilcott","gender":null,"age":41},{"company":"home","first_name":"Trish","last_name":"Mewburn","gender":"Female","age":52},{"company":"homestead","first_name":"Monika","last_name":"Simmell","gender":"Female","age":52},{"company":"homestead","first_name":"Curt","last_name":"Goodley","gender":"Male","age":82},{"company":"hostgator","first_name":"Guillermo","last_name":"Bessent","gender":"Male","age":26},{"company":"house","first_name":"Lawrence","last_name":"Lomas","gender":"Male","age":72},{"company":"howstuffworks","first_name":"Gwenny","last_name":"McQuaid","gender":"Female","age":42},{"company":"howstuffworks","first_name":"Robbin","last_name":"Sibyllina","gender":"Female","age":47},{"company":"hp","first_name":"Chryste","last_name":"Kennington","gender":"Female","age":31},{"company":"hud","first_name":"Terrijo","last_name":"Knowles","gender":"Female","age":50},{"company":"huffingtonpost","first_name":"Alexandro","last_name":"Melrose","gender":"Male","age":33},{"company":"hugedomains","first_name":"Yalonda","last_name":"Blanket","gender":"Female","age":38},{"company":"i2i","first_name":"Chan","last_name":"Kittless","gender":"Male","age":41},{"company":"i2i","first_name":"Lauren","last_name":"Clackson","gender":"Male","age":44},{"company":"i2i","first_name":"Christye","last_name":"Dallyn","gender":"Female","age":53},{"company":"icio","first_name":"Noelyn","last_name":"Huerta","gender":"Female","age":25},{"company":"icio","first_name":"Adi","last_name":"Wiper","gender":"Female","age":70},{"company":"icq","first_name":"Corrie","last_name":"Prester","gender":"Male","age":65},{"company":"icq","first_name":"Zack","last_name":"Zukerman","gender":"Male","age":84},{"company":"ifeng","first_name":"Felic","last_name":"Kingswell","gender":"Male","age":16},{"company":"ifeng","first_name":"Aigneis","last_name":"Hanselmann","gender":"Female","age":29},{"company":"ifeng","first_name":"Lissi","last_name":"Mully","gender":"Female","age":40},{"company":"ifeng","first_name":"Vina","last_name":"Pammenter","gender":"Female","age":42},{"company":"ifeng","first_name":"Shani","last_name":"Abramof","gender":"Female","age":47},{"company":"ihg","first_name":"Lorne","last_name":"Lambertson","gender":"Female","age":6},{"company":"ihg","first_name":"Pyotr","last_name":"Seyffert","gender":"Male","age":56},{"company":"illinois","first_name":"Hiram","last_name":"Lawlie","gender":"Male","age":35},{"company":"imageshack","first_name":"Rodney","last_name":"Marchello","gender":"Male","age":28},{"company":"imageshack","first_name":"Dotti","last_name":"O'Currigan","gender":"Female","age":67},{"company":"imdb","first_name":"Alexio","last_name":"Sadry","gender":"Male","age":22},{"company":"imdb","first_name":"Barthel","last_name":"Boake","gender":"Male","age":31},{"company":"imdb","first_name":"Rodge","last_name":"Gallaher","gender":"Male","age":33},{"company":"imdb","first_name":"Arni","last_name":"Patrono","gender":"Male","age":39},{"company":"imdb","first_name":"Mariele","last_name":"Roulston","gender":"Female","age":46},{"company":"imgur","first_name":"Ursa","last_name":"Simeon","gender":"Female","age":19},{"company":"imgur","first_name":"Carie","last_name":"Burdell","gender":"Female","age":51},{"company":"independent","first_name":"Leann","last_name":"Cattlow","gender":"Female","age":51},{"company":"independent","first_name":"Rodrigo","last_name":"Nussey","gender":"Male","age":58},{"company":"indiatimes","first_name":"Editha","last_name":"Shire","gender":"Female","age":58},{"company":"indiegogo","first_name":"Teriann","last_name":"Charlot","gender":"Female","age":10},{"company":"indiegogo","first_name":"Eveline","last_name":"Dikles","gender":"Female","age":20},{"company":"infoseek","first_name":"Kiah","last_name":"Burton","gender":"Female","age":18},{"company":"infoseek","first_name":"Kalila","last_name":"Coates","gender":"Female","age":31},{"company":"infoseek","first_name":"Sabrina","last_name":"Strugnell","gender":"Female","age":33},{"company":"instagram","first_name":"Stormi","last_name":"Kittoe","gender":"Female","age":29},{"company":"instagram","first_name":"Hewie","last_name":"Bortoluzzi","gender":"Male","age":38},{"company":"instagram","first_name":"Rosamund","last_name":"Cawthorn","gender":"Female","age":44},{"company":"instagram","first_name":"Feodora","last_name":"Treacher","gender":"Female","age":88},{"company":"intel","first_name":"Austin","last_name":"Nardoni","gender":"Female","age":50},{"company":"intel","first_name":"Ingmar","last_name":"Maytum","gender":"Male","age":52},{"company":"irs","first_name":"Carly","last_name":"Duckels","gender":"Female","age":34},{"company":"is","first_name":"Kristen","last_name":"Vennart","gender":"Female","age":37},{"company":"is","first_name":"Margret","last_name":"Brobeck","gender":"Female","age":44},{"company":"is","first_name":"Daphna","last_name":"Prendeville","gender":"Female","age":56},{"company":"issuu","first_name":"Melitta","last_name":"Cripin","gender":"Female","age":47},{"company":"istockphoto","first_name":"Angeli","last_name":"Balderson","gender":"Male","age":35},{"company":"istockphoto","first_name":"Grete","last_name":"Borleace","gender":"Female","age":42},{"company":"istockphoto","first_name":"Clyve","last_name":"Eadington","gender":"Male","age":63},{"company":"istockphoto","first_name":"Paddie","last_name":"Viegas","gender":"Male","age":64},{"company":"jalbum","first_name":"Arleyne","last_name":"Drews","gender":"Female","age":29},{"company":"jalbum","first_name":"Janna","last_name":"Gooding","gender":"Female","age":29},{"company":"jalbum","first_name":"Sonnnie","last_name":"Gartell","gender":"Female","age":30},{"company":"jalbum","first_name":"Edmund","last_name":"Leatham","gender":"Male","age":40},{"company":"jalbum","first_name":"Alanna","last_name":"Brockhouse","gender":"Female","age":51},{"company":"jalbum","first_name":"Ranee","last_name":"Ridesdale","gender":"Female","age":55},{"company":"japanpost","first_name":"Osbourn","last_name":"Hearnes","gender":null,"age":52},{"company":"java","first_name":"Yalonda","last_name":"Lamdin","gender":"Female","age":36},{"company":"java","first_name":"Charline","last_name":"Dinan","gender":"Female","age":42},{"company":"jiathis","first_name":"Alec","last_name":"Haston","gender":"Male","age":6},{"company":"jiathis","first_name":"Kennith","last_name":"Milton","gender":"Male","age":64},{"company":"jigsy","first_name":"Tammy","last_name":"Whitton","gender":"Female","age":52},{"company":"jigsy","first_name":"Berkie","last_name":"Ciementini","gender":"Male","age":83},{"company":"jimdo","first_name":"Karly","last_name":"Nother","gender":"Female","age":35},{"company":"jimdo","first_name":"Jefferey","last_name":"Cavendish","gender":"Male","age":45},{"company":"joomla","first_name":"Faun","last_name":"Reek","gender":"Female","age":26},{"company":"jugem","first_name":"Astrix","last_name":"Grooby","gender":"Female","age":3},{"company":"jugem","first_name":"Merell","last_name":"Kop","gender":"Male","age":41},{"company":"jugem","first_name":"Cindi","last_name":"Magson","gender":"Female","age":59},{"company":"kickstarter","first_name":"Shalom","last_name":"Pude","gender":"Male","age":23},{"company":"kickstarter","first_name":"Shay","last_name":"Goulston","gender":"Female","age":32},{"company":"kickstarter","first_name":"Maighdiln","last_name":"Hymus","gender":"Female","age":45},{"company":"last","first_name":"Padriac","last_name":"Schultheiss","gender":"Male","age":34},{"company":"last","first_name":"Dukie","last_name":"Bugden","gender":"Male","age":51},{"company":"last","first_name":"Nilson","last_name":"Scedall","gender":"Male","age":75},{"company":"latimes","first_name":"Mead","last_name":"Astbery","gender":"Female","age":73},{"company":"linkedin","first_name":"Ellene","last_name":"Pitherick","gender":"Female","age":39},{"company":"linkedin","first_name":"Lavinia","last_name":"Florence","gender":"Female","age":42},{"company":"linkedin","first_name":"Marisa","last_name":"Worner","gender":"Female","age":47},{"company":"list-manage","first_name":"Simmonds","last_name":"Roycraft","gender":"Male","age":33},{"company":"live","first_name":"Josey","last_name":"Ricketts","gender":"Female","age":44},{"company":"liveinternet","first_name":"Leonerd","last_name":"Scholard","gender":"Male","age":34},{"company":"liveinternet","first_name":"Alexandro","last_name":"Elion","gender":"Male","age":50},{"company":"liveinternet","first_name":"Bail","last_name":"Jeannin","gender":"Male","age":54},{"company":"liveinternet","first_name":"Paco","last_name":"Weatherburn","gender":"Male","age":75},{"company":"livejournal","first_name":"Luca","last_name":"Goodliff","gender":"Male","age":29},{"company":"livejournal","first_name":"Demetria","last_name":"Scadding","gender":"Female","age":47},{"company":"loc","first_name":"Cedric","last_name":"Yggo","gender":"Male","age":15},{"company":"loc","first_name":"Tobe","last_name":"Scheffler","gender":"Male","age":24},{"company":"loc","first_name":"Norby","last_name":"Clash","gender":"Male","age":38},{"company":"loc","first_name":"Gasper","last_name":"Hain","gender":"Male","age":51},{"company":"loc","first_name":"Ruby","last_name":"Revie","gender":"Female","age":69},{"company":"lulu","first_name":"Donna","last_name":"Roby","gender":"Female","age":83},{"company":"lycos","first_name":"Bella","last_name":"Wong","gender":"Female","age":39},{"company":"lycos","first_name":"Tilda","last_name":"Cossins","gender":"Female","age":43},{"company":"lycos","first_name":"Stacie","last_name":"Hansom","gender":"Female","age":45},{"company":"lycos","first_name":"Herta","last_name":"Grzesiewicz","gender":"Female","age":47},{"company":"lycos","first_name":"Myrtice","last_name":"Filyaev","gender":"Female","age":48},{"company":"lycos","first_name":"Laverne","last_name":"Flint","gender":"Female","age":52},{"company":"lycos","first_name":"Caryl","last_name":"Garmon","gender":"Male","age":89},{"company":"mac","first_name":"Minetta","last_name":"Dupree","gender":"Female","age":39},{"company":"macromedia","first_name":"Seymour","last_name":"Umfrey","gender":"Male","age":65},{"company":"mail","first_name":"Bunni","last_name":"Levings","gender":"Female","age":11},{"company":"mail","first_name":"Rutter","last_name":"Veltman","gender":"Male","age":34},{"company":"mail","first_name":"Lottie","last_name":"Boldecke","gender":"Female","age":57},{"company":"mail","first_name":"Mohandas","last_name":"Collington","gender":"Male","age":66},{"company":"mail","first_name":"Eran","last_name":"Challen","gender":"Female","age":99},{"company":"mapy","first_name":"Timmie","last_name":"Whisker","gender":"Male","age":45},{"company":"marriott","first_name":"Giustina","last_name":"Pitfield","gender":"Female","age":24},{"company":"marriott","first_name":"Honor","last_name":"Niles","gender":"Female","age":31},{"company":"marriott","first_name":"Penelope","last_name":"Allchorne","gender":"Female","age":36},{"company":"marriott","first_name":"Fredi","last_name":"Bartoli","gender":"Female","age":41},{"company":"marriott","first_name":"Leontine","last_name":"Bohlin","gender":"Female","age":48},{"company":"mashable","first_name":"Rebeka","last_name":"Ackhurst","gender":"Female","age":31},{"company":"mashable","first_name":"Alyssa","last_name":"Chieco","gender":"Female","age":77},{"company":"mayoclinic","first_name":"Lambert","last_name":"Sarle","gender":"Male","age":35},{"company":"mayoclinic","first_name":"Donny","last_name":"Brummitt","gender":"Female","age":39},{"company":"mediafire","first_name":"Noble","last_name":"Keymer","gender":"Male","age":21},{"company":"mediafire","first_name":"Ruddie","last_name":"Mulderrig","gender":"Male","age":33},{"company":"mediafire","first_name":"Darline","last_name":"Swannick","gender":null,"age":83},{"company":"meetup","first_name":"Joshia","last_name":"Gladebeck","gender":"Male","age":28},{"company":"meetup","first_name":"Sioux","last_name":"De Blasio","gender":"Female","age":39},{"company":"meetup","first_name":"Corbie","last_name":"Tanguy","gender":"Male","age":61},{"company":"microsoft","first_name":"Morlee","last_name":"Dunham","gender":"Male","age":24},{"company":"microsoft","first_name":"Cos","last_name":"Ablott","gender":"Male","age":34},{"company":"microsoft","first_name":"Norbert","last_name":"Hazlegrove","gender":"Male","age":50},{"company":"microsoft","first_name":"Dianne","last_name":"Heilds","gender":"Female","age":61},{"company":"microsoft","first_name":"Husein","last_name":"Shankland","gender":"Male","age":70},{"company":"miibeian","first_name":"Borg","last_name":"Blodgett","gender":"Male","age":31},{"company":"miibeian","first_name":"Sven","last_name":"D'Hooge","gender":"Male","age":37},{"company":"miibeian","first_name":"Carly","last_name":"Koch","gender":"Male","age":45},{"company":"miibeian","first_name":"Mikaela","last_name":"Kynvin","gender":"Female","age":54},{"company":"miitbeian","first_name":"Adria","last_name":"Dunnet","gender":"Female","age":45},{"company":"mlb","first_name":"Tina","last_name":"Bafford","gender":null,"age":18},{"company":"mlb","first_name":"Juan","last_name":"Jaspar","gender":"Male","age":57},{"company":"mlb","first_name":"Akim","last_name":"Hessenthaler","gender":"Male","age":57},{"company":"mozilla","first_name":"Tarrah","last_name":"Mugg","gender":"Female","age":49},{"company":"msn","first_name":"Karoly","last_name":"Hoyles","gender":null,"age":47},{"company":"msn","first_name":"Jennee","last_name":"Hallbird","gender":"Female","age":85},{"company":"msn","first_name":"Padriac","last_name":"Crook","gender":"Male","age":85},{"company":"msu","first_name":"Petronille","last_name":"Walcar","gender":"Female","age":49},{"company":"myspace","first_name":"Erl","last_name":"Balm","gender":"Male","age":37},{"company":"myspace","first_name":"Bing","last_name":"Boughton","gender":"Male","age":60},{"company":"mysql","first_name":"Noemi","last_name":"Fiddian","gender":"Female","age":31},{"company":"mysql","first_name":"Simeon","last_name":"Hawthorn","gender":"Male","age":51},{"company":"mysql","first_name":"Lauree","last_name":"Meineking","gender":"Female","age":60},{"company":"narod","first_name":"Gates","last_name":"Auty","gender":"Female","age":34},{"company":"narod","first_name":"Hayden","last_name":"Eagers","gender":"Male","age":72},{"company":"nasa","first_name":"Henry","last_name":"Pimblett","gender":"Male","age":25},{"company":"nasa","first_name":"Phyllida","last_name":"Medeway","gender":"Female","age":53},{"company":"nationalgeographic","first_name":"Daniel","last_name":"MacConnel","gender":"Male","age":36},{"company":"nationalgeographic","first_name":"Catherine","last_name":"Gilmore","gender":"Female","age":38},{"company":"nationalgeographic","first_name":"Corney","last_name":"Gretham","gender":"Male","age":51},{"company":"nationalgeographic","first_name":"Kelly","last_name":"Manchester","gender":"Female","age":67},{"company":"nature","first_name":"Baillie","last_name":"Klaaassen","gender":"Male","age":36},{"company":"naver","first_name":"Beck","last_name":"Jerrand","gender":"Male","age":20},{"company":"naver","first_name":"Germayne","last_name":"Managh","gender":"Male","age":34},{"company":"naver","first_name":"Kerby","last_name":"McAlister","gender":"Male","age":60},{"company":"nbcnews","first_name":"Vincent","last_name":"Udy","gender":"Male","age":0},{"company":"nbcnews","first_name":"Addie","last_name":"Kidsley","gender":"Male","age":13},{"company":"nbcnews","first_name":"Stefanie","last_name":"Shrigley","gender":"Female","age":36},{"company":"netlog","first_name":"Fabio","last_name":"Medgwick","gender":"Male","age":31},{"company":"netlog","first_name":"Tilda","last_name":"York","gender":"Female","age":39},{"company":"netlog","first_name":"Minetta","last_name":"Summerlie","gender":"Female","age":49},{"company":"netlog","first_name":"Gerome","last_name":"Ringer","gender":"Male","age":54},{"company":"netscape","first_name":"Mikey","last_name":"Spaduzza","gender":"Male","age":26},{"company":"netscape","first_name":"Pancho","last_name":"Stokey","gender":"Male","age":50},{"company":"netscape","first_name":"Cecilla","last_name":"Seeler","gender":"Female","age":53},{"company":"networkadvertising","first_name":"Garrik","last_name":"Di Antonio","gender":"Male","age":36},{"company":"networkadvertising","first_name":"Lucille","last_name":"Wiburn","gender":"Female","age":37},{"company":"networksolutions","first_name":"Dolly","last_name":"Escofier","gender":"Female","age":19},{"company":"networksolutions","first_name":"Lee","last_name":"Vasic","gender":"Female","age":25},{"company":"networksolutions","first_name":"Klement","last_name":"Bowra","gender":"Male","age":35},{"company":"newsvine","first_name":"Magnum","last_name":"Srutton","gender":"Male","age":22},{"company":"newsvine","first_name":"Sallie","last_name":"Sherebrook","gender":"Female","age":39},{"company":"newsvine","first_name":"Rouvin","last_name":"Dinsell","gender":"Male","age":49},{"company":"nhs","first_name":"Freddy","last_name":"Phayre","gender":"Male","age":32},{"company":"nhs","first_name":"Brynne","last_name":"Edmunds","gender":"Female","age":52},{"company":"nhs","first_name":"Marianna","last_name":"Bazek","gender":"Female","age":53},{"company":"nhs","first_name":"Wyatan","last_name":"Frenzl","gender":"Male","age":57},{"company":"nifty","first_name":"Christean","last_name":"Tomalin","gender":"Female","age":40},{"company":"nih","first_name":"Gunar","last_name":"Dubber","gender":"Male","age":32},{"company":"nih","first_name":"Wait","last_name":"Sayle","gender":"Male","age":50},{"company":"nih","first_name":"Byron","last_name":"Menego","gender":"Male","age":55},{"company":"nih","first_name":"Sonya","last_name":"Matfin","gender":"Female","age":60},{"company":"ning","first_name":"Aviva","last_name":"Trunchion","gender":"Female","age":26},{"company":"ning","first_name":"Marcelia","last_name":"Dimitru","gender":"Female","age":69},{"company":"noaa","first_name":"Leopold","last_name":"Altamirano","gender":"Male","age":54},{"company":"npr","first_name":"Jo","last_name":"Hankard","gender":null,"age":42},{"company":"nps","first_name":"Chicky","last_name":"Heyward","gender":"Male","age":26},{"company":"nps","first_name":"Penelope","last_name":"Micallef","gender":"Female","age":30},{"company":"nps","first_name":"Randee","last_name":"Crockatt","gender":"Female","age":39},{"company":"nps","first_name":"Ulric","last_name":"Kelmere","gender":null,"age":54},{"company":"nps","first_name":"Aprilette","last_name":"Tinn","gender":"Female","age":65},{"company":"nsw","first_name":"Mycah","last_name":"Cantle","gender":"Male","age":10},{"company":"nsw","first_name":"Laird","last_name":"Bundey","gender":"Male","age":47},{"company":"nsw","first_name":"Karleen","last_name":"Peracco","gender":"Female","age":56},{"company":"nydailynews","first_name":"Cherish","last_name":"Pohl","gender":"Female","age":49},{"company":"nytimes","first_name":"Klement","last_name":"Mawhinney","gender":"Male","age":35},{"company":"nyu","first_name":"Sallyanne","last_name":"Crotch","gender":"Female","age":35},{"company":"nyu","first_name":"Jacklyn","last_name":"Sisson","gender":"Female","age":39},{"company":"oakley","first_name":"Sheffie","last_name":"Goodinson","gender":"Male","age":35},{"company":"oakley","first_name":"Abby","last_name":"Ranfield","gender":"Male","age":59},{"company":"oakley","first_name":"Britte","last_name":"Triebner","gender":"Female","age":60},{"company":"ocn","first_name":"Rosabel","last_name":"Ochterlony","gender":"Female","age":35},{"company":"ocn","first_name":"Doll","last_name":"Gibbieson","gender":"Female","age":46},{"company":"ocn","first_name":"Tamar","last_name":"Benoy","gender":"Female","age":56},{"company":"odnoklassniki","first_name":"Kellie","last_name":"Asher","gender":"Female","age":29},{"company":"odnoklassniki","first_name":"Gilburt","last_name":"Barnshaw","gender":"Male","age":76},{"company":"omniture","first_name":"Clevie","last_name":"Stolberg","gender":"Male","age":56},{"company":"opera","first_name":"Manfred","last_name":"Bricket","gender":"Male","age":29},{"company":"opera","first_name":"Pacorro","last_name":"Berkley","gender":"Male","age":32},{"company":"oracle","first_name":"Colline","last_name":"Possell","gender":"Female","age":29},{"company":"oracle","first_name":"Antons","last_name":"Guild","gender":"Male","age":57},{"company":"oracle","first_name":"Dalton","last_name":"Noraway","gender":"Male","age":72},{"company":"ovh","first_name":"Evaleen","last_name":"Fittall","gender":"Female","age":29},{"company":"ovh","first_name":"Debbie","last_name":"Mosdell","gender":"Female","age":37},{"company":"ovh","first_name":"Kimble","last_name":"Morphet","gender":"Male","age":39},{"company":"ovh","first_name":"Gardie","last_name":"Bulfit","gender":"Male","age":57},{"company":"ovh","first_name":"Melina","last_name":"Itscowics","gender":"Female","age":79},{"company":"ow","first_name":"Bear","last_name":"Kennler","gender":"Male","age":46},{"company":"ow","first_name":"Alec","last_name":"Coper","gender":"Male","age":63},{"company":"ow","first_name":"Reeva","last_name":"Lemanu","gender":"Female","age":65},{"company":"ox","first_name":"Loy","last_name":"Antognelli","gender":"Male","age":9},{"company":"paginegialle","first_name":"Alfonso","last_name":"Soldan","gender":"Male","age":6},{"company":"paginegialle","first_name":"Der","last_name":"Ettritch","gender":"Male","age":39},{"company":"patch","first_name":"Lillian","last_name":"Armsby","gender":"Female","age":30},{"company":"pbs","first_name":"Howard","last_name":"Bartlett","gender":"Male","age":52},{"company":"pcworld","first_name":"Kris","last_name":"Newband","gender":"Male","age":48},{"company":"pen","first_name":"Franz","last_name":"Priest","gender":"Male","age":28},{"company":"people","first_name":"Armando","last_name":"Semonin","gender":"Male","age":60},{"company":"photobucket","first_name":"Adeline","last_name":"Biddlestone","gender":"Female","age":28},{"company":"photobucket","first_name":"Georgeanne","last_name":"Trump","gender":"Female","age":58},{"company":"photobucket","first_name":"Daniele","last_name":"Kneaphsey","gender":"Female","age":92},{"company":"php","first_name":"Charlene","last_name":"Bernhardsson","gender":"Female","age":33},{"company":"php","first_name":"Lonna","last_name":"Colloff","gender":"Female","age":36},{"company":"php","first_name":"Margeaux","last_name":"Stannislawski","gender":"Female","age":88},{"company":"pinterest","first_name":"Lamont","last_name":"Cockney","gender":"Male","age":19},{"company":"pinterest","first_name":"Richart","last_name":"Pacher","gender":"Male","age":36},{"company":"pinterest","first_name":"Shea","last_name":"Budnk","gender":"Female","age":48},{"company":"plala","first_name":"Loreen","last_name":"Nobles","gender":"Female","age":62},{"company":"posterous","first_name":"Antin","last_name":"Dickins","gender":"Male","age":6},{"company":"posterous","first_name":"Morgana","last_name":"Haselhurst","gender":"Female","age":52},{"company":"princeton","first_name":"Gail","last_name":"Arnout","gender":"Male","age":31},{"company":"princeton","first_name":"Farrell","last_name":"Quimby","gender":"Male","age":35},{"company":"princeton","first_name":"Esme","last_name":"Passy","gender":"Female","age":47},{"company":"printfriendly","first_name":"Rooney","last_name":"Binton","gender":"Male","age":35},{"company":"prlog","first_name":"Elita","last_name":"Labb","gender":"Female","age":17},{"company":"prlog","first_name":"Garfield","last_name":"McGuirk","gender":null,"age":33},{"company":"prweb","first_name":"Delora","last_name":"Kynastone","gender":"Female","age":21},{"company":"prweb","first_name":"Bertrando","last_name":"Valois","gender":"Male","age":62},{"company":"psu","first_name":"Sky","last_name":"Bordis","gender":"Male","age":30},{"company":"psu","first_name":"Maighdiln","last_name":"Sponder","gender":"Female","age":43},{"company":"psu","first_name":"Sutherlan","last_name":"MacAfee","gender":"Male","age":54},{"company":"psu","first_name":"Jami","last_name":"Ewbank","gender":"Female","age":68},{"company":"psu","first_name":"Caresse","last_name":"Cubbino","gender":"Female","age":73},{"company":"purevolume","first_name":"Webster","last_name":"Karleman","gender":"Male","age":37},{"company":"purevolume","first_name":"Antoine","last_name":"Lukovic","gender":"Male","age":51},{"company":"purevolume","first_name":"Roberto","last_name":"Savidge","gender":"Male","age":70},{"company":"qq","first_name":"Maitilde","last_name":"Wenderott","gender":"Female","age":66},{"company":"quantcast","first_name":"Suzanne","last_name":"Beard","gender":"Female","age":62},{"company":"rakuten","first_name":"Kiel","last_name":"Bunney","gender":"Male","age":19},{"company":"rakuten","first_name":"Rudolph","last_name":"Gatrill","gender":"Male","age":35},{"company":"rakuten","first_name":"Charley","last_name":"Humbee","gender":"Male","age":37},{"company":"rakuten","first_name":"Glenna","last_name":"Couvert","gender":"Female","age":39},{"company":"rakuten","first_name":"Ally","last_name":"Keough","gender":"Female","age":42},{"company":"rakuten","first_name":"Bondie","last_name":"Wendover","gender":"Male","age":52},{"company":"rambler","first_name":"Reese","last_name":"Shoveller","gender":"Male","age":23},{"company":"rambler","first_name":"Tobiah","last_name":"Vye","gender":null,"age":28},{"company":"rambler","first_name":"Amberly","last_name":"Canto","gender":"Female","age":36},{"company":"redcross","first_name":"Kaine","last_name":"Flounders","gender":"Male","age":59},{"company":"redcross","first_name":"Jameson","last_name":"Fishbourn","gender":"Male","age":70},{"company":"reddit","first_name":"Cayla","last_name":"Angerstein","gender":"Female","age":18},{"company":"reddit","first_name":"Adara","last_name":"Rapo","gender":"Female","age":22},{"company":"reddit","first_name":"Drona","last_name":"Moverley","gender":"Female","age":36},{"company":"reddit","first_name":"Fonz","last_name":"Pesticcio","gender":"Male","age":70},{"company":"rediff","first_name":"Phelia","last_name":"Fullylove","gender":"Female","age":21},{"company":"rediff","first_name":"Patrizius","last_name":"Bollands","gender":"Male","age":62},{"company":"reference","first_name":"Mark","last_name":"Mallaby","gender":"Male","age":20},{"company":"reference","first_name":"Lilla","last_name":"Pyffe","gender":"Female","age":33},{"company":"reference","first_name":"Dorrie","last_name":"Hoff","gender":"Female","age":43},{"company":"reference","first_name":"Harris","last_name":"Paoletti","gender":"Male","age":59},{"company":"reuters","first_name":"Agatha","last_name":"Holbarrow","gender":"Female","age":73},{"company":"reverbnation","first_name":"Naomi","last_name":"Davey","gender":"Female","age":20},{"company":"reverbnation","first_name":"Yvon","last_name":"Louca","gender":"Male","age":34},{"company":"reverbnation","first_name":"Kaitlin","last_name":"Cosson","gender":"Female","age":39},{"company":"reverbnation","first_name":"Caldwell","last_name":"Havock","gender":"Male","age":55},{"company":"reverbnation","first_name":"Keenan","last_name":"Meiklejohn","gender":"Male","age":59},{"company":"sakura","first_name":"Dehlia","last_name":"Ades","gender":"Female","age":47},{"company":"salon","first_name":"Elenore","last_name":"Gravett","gender":"Female","age":47},{"company":"samsung","first_name":"Cindelyn","last_name":"Lampe","gender":"Female","age":25},{"company":"samsung","first_name":"Henrietta","last_name":"Greated","gender":"Female","age":39},{"company":"sbwire","first_name":"Hobard","last_name":"Frame","gender":"Male","age":17},{"company":"sciencedirect","first_name":"Noell","last_name":"Gutans","gender":"Female","age":35},{"company":"sciencedirect","first_name":"Karie","last_name":"Petofi","gender":"Female","age":53},{"company":"scientificamerican","first_name":"Catherin","last_name":"Vallis","gender":"Female","age":35},{"company":"scientificamerican","first_name":"Zolly","last_name":"Geroldini","gender":"Male","age":43},{"company":"scientificamerican","first_name":"Donetta","last_name":"Crewes","gender":"Female","age":48},{"company":"scribd","first_name":"Chad","last_name":"Readman","gender":"Female","age":24},{"company":"scribd","first_name":"Glen","last_name":"Dingsdale","gender":"Male","age":53},{"company":"seattletimes","first_name":"Anthiathia","last_name":"Baldwin","gender":"Female","age":49},{"company":"seattletimes","first_name":"Kandy","last_name":"Cossam","gender":"Female","age":49},{"company":"seattletimes","first_name":"Gordon","last_name":"DelaField","gender":"Male","age":60},{"company":"seesaa","first_name":"Vivien","last_name":"Howsden","gender":"Female","age":37},{"company":"senate","first_name":"Huntley","last_name":"Sleeman","gender":"Male","age":47},{"company":"sfgate","first_name":"Jessie","last_name":"Goodbarr","gender":"Male","age":7},{"company":"sfgate","first_name":"Pegeen","last_name":"Jorden","gender":"Female","age":42},{"company":"sfgate","first_name":"Jonas","last_name":"Checci","gender":"Male","age":47},{"company":"shareasale","first_name":"Mack","last_name":"Hanwright","gender":"Male","age":83},{"company":"shinystat","first_name":"Burton","last_name":"Pulley","gender":"Male","age":43},{"company":"shinystat","first_name":"Brandtr","last_name":"Mawne","gender":"Male","age":61},{"company":"shinystat","first_name":"Stacey","last_name":"Quinion","gender":"Female","age":65},{"company":"shop-pro","first_name":"Roarke","last_name":"Eassom","gender":"Male","age":47},{"company":"shop-pro","first_name":"Glenine","last_name":"Davidow","gender":"Female","age":52},{"company":"shop-pro","first_name":"Basilio","last_name":"Senn","gender":"Male","age":53},{"company":"shop-pro","first_name":"Drusilla","last_name":"Gohier","gender":"Female","age":73},{"company":"shutterfly","first_name":"Danya","last_name":"Brolechan","gender":"Female","age":20},{"company":"shutterfly","first_name":"Arne","last_name":"Burdell","gender":"Male","age":92},{"company":"shutterfly","first_name":"Lurline","last_name":"Pelchat","gender":"Female","age":103},{"company":"si","first_name":"Stevy","last_name":"Watling","gender":"Male","age":85},{"company":"simplemachines","first_name":"Donnie","last_name":"Dobrowski","gender":"Male","age":13},{"company":"sina","first_name":"Gifford","last_name":"Kuhne","gender":"Male","age":18},{"company":"sina","first_name":"Shelby","last_name":"Trippitt","gender":"Female","age":37},{"company":"sitemeter","first_name":"Ros","last_name":"Ingram","gender":"Female","age":65},{"company":"skype","first_name":"Aldis","last_name":"Whittingham","gender":"Male","age":64},{"company":"skyrock","first_name":"Reilly","last_name":"Oliveras","gender":"Male","age":40},{"company":"slashdot","first_name":"Levey","last_name":"Towle","gender":"Male","age":48},{"company":"slashdot","first_name":"Noreen","last_name":"Koubek","gender":"Female","age":63},{"company":"slashdot","first_name":"Josiah","last_name":"Ayshford","gender":"Male","age":70},{"company":"slate","first_name":"Cole","last_name":"Petz","gender":"Male","age":62},{"company":"smh","first_name":"Goran","last_name":"Urrey","gender":"Male","age":34},{"company":"smh","first_name":"Roxanna","last_name":"Merriment","gender":"Female","age":54},{"company":"smugmug","first_name":"Hope","last_name":"Stollenwerck","gender":"Female","age":23},{"company":"smugmug","first_name":"Berkeley","last_name":"O'Sherin","gender":"Male","age":23},{"company":"smugmug","first_name":"Cassie","last_name":"Pendlebery","gender":"Male","age":26},{"company":"smugmug","first_name":"Vikki","last_name":"Barrows","gender":"Female","age":78},{"company":"sogou","first_name":"Rebecca","last_name":"Goodricke","gender":"Female","age":31},{"company":"sogou","first_name":"Tobie","last_name":"Prior","gender":"Male","age":47},{"company":"sogou","first_name":"Morly","last_name":"Keiley","gender":"Male","age":59},{"company":"sogou","first_name":"Farrah","last_name":"Penylton","gender":"Female","age":65},{"company":"sohu","first_name":"Orsa","last_name":"Iczokvitz","gender":"Female","age":36},{"company":"sohu","first_name":"Barth","last_name":"Sandford","gender":"Male","age":52},{"company":"sohu","first_name":"Chrotoem","last_name":"Skpsey","gender":"Male","age":55},{"company":"sohu","first_name":"Clarine","last_name":"Jerrams","gender":"Female","age":56},{"company":"soundcloud","first_name":"Sadella","last_name":"Marsy","gender":"Female","age":34},{"company":"soundcloud","first_name":"Friedrick","last_name":"Yele","gender":"Male","age":76},{"company":"soup","first_name":"Lon","last_name":"Dyster","gender":"Male","age":20},{"company":"sourceforge","first_name":"Wyndham","last_name":"Fenne","gender":"Male","age":10},{"company":"sourceforge","first_name":"Mike","last_name":"Cheson","gender":"Male","age":36},{"company":"sourceforge","first_name":"Alexis","last_name":"Cochet","gender":"Female","age":54},{"company":"sphinn","first_name":"Donn","last_name":"Pancost","gender":"Male","age":55},{"company":"sphinn","first_name":"Doroteya","last_name":"Oda","gender":"Female","age":69},{"company":"spiegel","first_name":"Cornie","last_name":"McGragh","gender":"Female","age":25},{"company":"spotify","first_name":"Jonell","last_name":"Salzberger","gender":"Female","age":33},{"company":"spotify","first_name":"Kippar","last_name":"Kuzma","gender":"Male","age":46},{"company":"springer","first_name":"Emanuel","last_name":"Clampton","gender":"Male","age":7},{"company":"springer","first_name":"Johnnie","last_name":"Scudder","gender":"Male","age":47},{"company":"squarespace","first_name":"Gordan","last_name":"Strowthers","gender":"Male","age":33},{"company":"squarespace","first_name":"Sabra","last_name":"Ryding","gender":"Female","age":57},{"company":"squarespace","first_name":"Izabel","last_name":"Nickell","gender":"Female","age":79},{"company":"squidoo","first_name":"Chicky","last_name":"Irving","gender":"Male","age":57},{"company":"statcounter","first_name":"Kendell","last_name":"McRamsey","gender":"Male","age":22},{"company":"statcounter","first_name":"Major","last_name":"Kemwall","gender":"Male","age":48},{"company":"state","first_name":"Staffard","last_name":"Rogez","gender":"Male","age":23},{"company":"state","first_name":"Kai","last_name":"Neller","gender":"Female","age":54},{"company":"state","first_name":"Sheffy","last_name":"Owenson","gender":"Male","age":63},{"company":"state","first_name":"Phebe","last_name":"Hustings","gender":"Female","age":81},{"company":"storify","first_name":"Aloise","last_name":"Simeon","gender":"Female","age":45},{"company":"storify","first_name":"Ewen","last_name":"McShirrie","gender":"Male","age":46},{"company":"studiopress","first_name":"Kenyon","last_name":"Mangeot","gender":"Male","age":15},{"company":"studiopress","first_name":"Amelina","last_name":"Doole","gender":"Female","age":54},{"company":"stumbleupon","first_name":"Lowell","last_name":"Watkiss","gender":"Male","age":12},{"company":"stumbleupon","first_name":"Duffy","last_name":"Rantoull","gender":"Male","age":39},{"company":"stumbleupon","first_name":"Curry","last_name":"Studdeard","gender":"Male","age":57},{"company":"stumbleupon","first_name":"Davidson","last_name":"Cossell","gender":"Male","age":65},{"company":"stumbleupon","first_name":"Nicholle","last_name":"Muff","gender":"Female","age":89},{"company":"sun","first_name":"Connie","last_name":"Storton","gender":"Male","age":30},{"company":"sun","first_name":"Kipper","last_name":"Darey","gender":"Male","age":30},{"company":"sun","first_name":"Jess","last_name":"Jenney","gender":"Male","age":45},{"company":"sun","first_name":"Locke","last_name":"Leeburne","gender":"Male","age":47},{"company":"sun","first_name":"Benny","last_name":"Sprules","gender":null,"age":53},{"company":"surveymonkey","first_name":"Nevins","last_name":"Swayland","gender":"Male","age":49},{"company":"symantec","first_name":"Shermy","last_name":"Hellyer","gender":"Male","age":30},{"company":"t","first_name":"Arabella","last_name":"Tewkesbury","gender":"Female","age":31},{"company":"t","first_name":"Alfie","last_name":"Deeth","gender":"Male","age":37},{"company":"t","first_name":"Daphene","last_name":"Willder","gender":null,"age":50},{"company":"t-online","first_name":"Stafani","last_name":"Cathersides","gender":"Female","age":40},{"company":"tamu","first_name":"Klemens","last_name":"Kiledal","gender":"Male","age":16},{"company":"tamu","first_name":"Demetria","last_name":"Loftie","gender":"Female","age":50},{"company":"taobao","first_name":"Dennie","last_name":"Sanson","gender":"Male","age":45},{"company":"techcrunch","first_name":"Henryetta","last_name":"Marchello","gender":"Female","age":11},{"company":"techcrunch","first_name":"Vincent","last_name":"Vango","gender":"Male","age":61},{"company":"technorati","first_name":"Sashenka","last_name":"Muffett","gender":"Female","age":34},{"company":"ted","first_name":"Bernadine","last_name":"La Padula","gender":"Female","age":58},{"company":"theatlantic","first_name":"Maximo","last_name":"Van Niekerk","gender":"Male","age":0},{"company":"theatlantic","first_name":"Justin","last_name":"Bockings","gender":"Male","age":47},{"company":"theglobeandmail","first_name":"Buffy","last_name":"Lepoidevin","gender":"Female","age":25},{"company":"theglobeandmail","first_name":"Ernaline","last_name":"Calderonello","gender":"Female","age":48},{"company":"theguardian","first_name":"Jefferey","last_name":"Scottini","gender":"Male","age":47},{"company":"themeforest","first_name":"Burr","last_name":"Bathersby","gender":"Male","age":19},{"company":"thetimes","first_name":"Vin","last_name":"Jobin","gender":"Male","age":21},{"company":"thetimes","first_name":"Tamera","last_name":"Rewan","gender":"Female","age":49},{"company":"thetimes","first_name":"Chelsey","last_name":"Impey","gender":"Female","age":50},{"company":"time","first_name":"Penelopa","last_name":"Roman","gender":"Female","age":3},{"company":"timesonline","first_name":"Daffi","last_name":"Huddles","gender":"Female","age":14},{"company":"timesonline","first_name":"Selina","last_name":"Attewill","gender":"Female","age":54},{"company":"tiny","first_name":"Audi","last_name":"Duffan","gender":"Female","age":22},{"company":"tiny","first_name":"Sheela","last_name":"Deble","gender":"Female","age":48},{"company":"tinypic","first_name":"Orlan","last_name":"Valder","gender":null,"age":10},{"company":"tinypic","first_name":"Bethina","last_name":"Garwill","gender":"Female","age":52},{"company":"tinyurl","first_name":"Freddy","last_name":"Bangle","gender":"Male","age":28},{"company":"tinyurl","first_name":"Mata","last_name":"Fermoy","gender":"Male","age":42},{"company":"tmall","first_name":"Nani","last_name":"Ainscow","gender":"Female","age":36},{"company":"tmall","first_name":"Helge","last_name":"Doey","gender":"Female","age":40},{"company":"toplist","first_name":"Essa","last_name":"Kaveney","gender":"Female","age":26},{"company":"toplist","first_name":"Sammy","last_name":"Dymick","gender":"Male","age":81},{"company":"topsy","first_name":"Morten","last_name":"Baynes","gender":"Male","age":38},{"company":"topsy","first_name":"Ev","last_name":"Naire","gender":"Male","age":43},{"company":"tripadvisor","first_name":"Witty","last_name":"Seiler","gender":"Male","age":16},{"company":"tripadvisor","first_name":"Corabella","last_name":"Pershouse","gender":"Female","age":50},{"company":"tripadvisor","first_name":"Gilligan","last_name":"Gosswell","gender":"Female","age":51},{"company":"tripod","first_name":"Araldo","last_name":"Wallas","gender":"Male","age":62},{"company":"tumblr","first_name":"Arnie","last_name":"Raoux","gender":"Male","age":45},{"company":"tumblr","first_name":"Carmen","last_name":"Blunsden","gender":"Female","age":60},{"company":"tumblr","first_name":"Esmaria","last_name":"Brinkley","gender":"Female","age":94},{"company":"tuttocitta","first_name":"Jodi","last_name":"Partner","gender":"Male","age":41},{"company":"twitpic","first_name":"Guthry","last_name":"Duncklee","gender":"Male","age":29},{"company":"twitter","first_name":"Nat","last_name":"Mullender","gender":"Female","age":20},{"company":"typepad","first_name":"Stavro","last_name":"Vernau","gender":"Male","age":27},{"company":"typepad","first_name":"Vaughan","last_name":"Lohrensen","gender":"Male","age":38},{"company":"ucla","first_name":"Michele","last_name":"Arnely","gender":"Female","age":68},{"company":"ucla","first_name":"Obadiah","last_name":"Denge","gender":"Male","age":77},{"company":"ucoz","first_name":"Alana","last_name":"Mangeney","gender":"Female","age":21},{"company":"ucoz","first_name":"Nanon","last_name":"Davidesco","gender":"Female","age":27},{"company":"ucoz","first_name":"Kit","last_name":"Beaty","gender":"Female","age":40},{"company":"ucoz","first_name":"Carolann","last_name":"Shadwick","gender":"Female","age":41},{"company":"ucoz","first_name":"Say","last_name":"Cabrera","gender":"Male","age":50},{"company":"uiuc","first_name":"Clemmy","last_name":"Kimbling","gender":"Female","age":37},{"company":"uiuc","first_name":"Padgett","last_name":"Angus","gender":"Male","age":37},{"company":"umich","first_name":"Nanny","last_name":"Thornborrow","gender":"Female","age":32},{"company":"un","first_name":"Wittie","last_name":"Scoates","gender":"Male","age":38},{"company":"unblog","first_name":"Larisa","last_name":"Jiggins","gender":"Female","age":35},{"company":"unc","first_name":"Falito","last_name":"Boothe","gender":"Male","age":31},{"company":"unc","first_name":"Solly","last_name":"Gagen","gender":"Male","age":33},{"company":"unc","first_name":"Nikoletta","last_name":"Dabbs","gender":"Female","age":43},{"company":"unesco","first_name":"Christoffer","last_name":"Oppie","gender":"Male","age":22},{"company":"unicef","first_name":"Gal","last_name":"McEneny","gender":"Male","age":5},{"company":"unicef","first_name":"Dari","last_name":"Pontain","gender":"Female","age":19},{"company":"unicef","first_name":"Malynda","last_name":"Nussen","gender":"Female","age":28},{"company":"unicef","first_name":"Keslie","last_name":"Kewzick","gender":"Female","age":55},{"company":"unicef","first_name":"Antonius","last_name":"Camosso","gender":"Male","age":57},{"company":"uol","first_name":"Irv","last_name":"Heliet","gender":"Male","age":40},{"company":"uol","first_name":"Andras","last_name":"Capponer","gender":"Male","age":43},{"company":"uol","first_name":"Marena","last_name":"Doornbos","gender":"Female","age":45},{"company":"uol","first_name":"Cristionna","last_name":"Alentyev","gender":"Female","age":50},{"company":"uol","first_name":"Harlin","last_name":"Sadgrove","gender":"Male","age":58},{"company":"upenn","first_name":"Cole","last_name":"Woltman","gender":"Male","age":50},{"company":"usa","first_name":"Ebony","last_name":"Beetlestone","gender":"Female","age":78},{"company":"usatoday","first_name":"Willyt","last_name":"Seaman","gender":"Female","age":9},{"company":"usatoday","first_name":"Jerome","last_name":"Asp","gender":"Male","age":47},{"company":"usatoday","first_name":"Christiano","last_name":"Hylden","gender":"Male","age":57},{"company":"usda","first_name":"Abelard","last_name":"Chrishop","gender":"Male","age":71},{"company":"usda","first_name":"Bryn","last_name":"Ilewicz","gender":"Female","age":79},{"company":"usgs","first_name":"Gael","last_name":"Pharrow","gender":"Female","age":23},{"company":"usnews","first_name":"Leigh","last_name":"Batchan","gender":"Female","age":22},{"company":"usnews","first_name":"Worden","last_name":"Maybey","gender":"Male","age":89},{"company":"ustream","first_name":"Valentina","last_name":"Firle","gender":"Female","age":45},{"company":"ustream","first_name":"Kirstin","last_name":"Stanger","gender":"Female","age":48},{"company":"ustream","first_name":"Joell","last_name":"Bowlesworth","gender":"Female","age":53},{"company":"ustream","first_name":"Nadiya","last_name":"McClurg","gender":"Female","age":68},{"company":"utexas","first_name":"Corinne","last_name":"Probetts","gender":"Female","age":22},{"company":"utexas","first_name":"Mellie","last_name":"Airdrie","gender":"Female","age":37},{"company":"va","first_name":"Hildegarde","last_name":"Hayth","gender":"Female","age":18},{"company":"vinaora","first_name":"Delila","last_name":"Abbate","gender":"Female","age":44},{"company":"virginia","first_name":"Fanny","last_name":"Christauffour","gender":"Female","age":23},{"company":"virginia","first_name":"Celesta","last_name":"Royan","gender":"Female","age":40},{"company":"virginia","first_name":"Nicol","last_name":"Douberday","gender":"Male","age":48},{"company":"vistaprint","first_name":"Caro","last_name":"Entwisle","gender":"Female","age":49},{"company":"vistaprint","first_name":"Myrna","last_name":"Mounter","gender":"Female","age":65},{"company":"vk","first_name":"Arabella","last_name":"Gonsalvez","gender":"Female","age":40},{"company":"vk","first_name":"Ryley","last_name":"Headly","gender":"Male","age":40},{"company":"vk","first_name":"Beverlie","last_name":"Clabburn","gender":"Female","age":60},{"company":"vk","first_name":"Merill","last_name":"Norrie","gender":"Male","age":74},{"company":"vkontakte","first_name":"Hardy","last_name":"Tosspell","gender":"Male","age":7},{"company":"vkontakte","first_name":"Karylin","last_name":"Crosbie","gender":"Female","age":38},{"company":"vkontakte","first_name":"Nicko","last_name":"Flaonier","gender":"Male","age":66},{"company":"vkontakte","first_name":"Emlyn","last_name":"Le Marquis","gender":"Male","age":76},{"company":"w3","first_name":"Elnar","last_name":"Dewdney","gender":"Male","age":24},{"company":"walmart","first_name":"Gordie","last_name":"Sacase","gender":"Male","age":0},{"company":"walmart","first_name":"Evania","last_name":"Toft","gender":"Female","age":15},{"company":"washingtonpost","first_name":"Preston","last_name":"Gurge","gender":"Male","age":57},{"company":"weather","first_name":"Claudianus","last_name":"Welch","gender":"Male","age":23},{"company":"weather","first_name":"Kennett","last_name":"Arnfield","gender":"Male","age":63},{"company":"weather","first_name":"Irv","last_name":"Haggath","gender":"Male","age":65},{"company":"weather","first_name":"Ignatius","last_name":"Winspar","gender":"Male","age":65},{"company":"webeden","first_name":"Randall","last_name":"Bims","gender":"Male","age":26},{"company":"webeden","first_name":"Junia","last_name":"Masedon","gender":"Female","age":57},{"company":"webeden","first_name":"Dell","last_name":"Tother","gender":"Female","age":64},{"company":"webmd","first_name":"Lay","last_name":"Bigglestone","gender":"Male","age":13},{"company":"webmd","first_name":"Diarmid","last_name":"Bodycomb","gender":"Male","age":16},{"company":"webmd","first_name":"Zaccaria","last_name":"Bartosiak","gender":"Male","age":28},{"company":"webmd","first_name":"Duffie","last_name":"Rudkin","gender":"Male","age":72},{"company":"webnode","first_name":"Walton","last_name":"Bedlington","gender":"Male","age":46},{"company":"webnode","first_name":"Jo-ann","last_name":"Thynn","gender":"Female","age":58},{"company":"webs","first_name":"Iago","last_name":"Asaaf","gender":"Male","age":3},{"company":"webs","first_name":"Dionis","last_name":"Stolting","gender":"Female","age":9},{"company":"webs","first_name":"Shina","last_name":"Itzakovitz","gender":"Female","age":12},{"company":"webs","first_name":"Dulcia","last_name":"MacKain","gender":"Female","age":20},{"company":"webs","first_name":"Chelsae","last_name":"Hanhard","gender":"Female","age":63},{"company":"weibo","first_name":"Jourdain","last_name":"Eddowes","gender":"Male","age":38},{"company":"weibo","first_name":"Sholom","last_name":"Higgen","gender":"Male","age":47},{"company":"whitehouse","first_name":"Herb","last_name":"Binion","gender":null,"age":23},{"company":"whitehouse","first_name":"Cris","last_name":"Morrilly","gender":"Female","age":40},{"company":"whitehouse","first_name":"Durward","last_name":"Jeanin","gender":"Male","age":51},{"company":"whitehouse","first_name":"Dyana","last_name":"Matusiak","gender":"Female","age":62},{"company":"who","first_name":"Gay","last_name":"Kohlert","gender":"Female","age":84},{"company":"wikia","first_name":"Selle","last_name":"Burleton","gender":"Female","age":65},{"company":"wikia","first_name":"Marieann","last_name":"Dering","gender":null,"age":78},{"company":"wikimedia","first_name":"Paco","last_name":"Hartzenberg","gender":"Male","age":35},{"company":"wikimedia","first_name":"Shirline","last_name":"Earley","gender":"Female","age":42},{"company":"wikimedia","first_name":"Aurthur","last_name":"Satchel","gender":"Male","age":46},{"company":"wikimedia","first_name":"Viviana","last_name":"Delgaty","gender":"Female","age":50},{"company":"wikipedia","first_name":"Fanya","last_name":"Blees","gender":"Female","age":31},{"company":"wikipedia","first_name":"Brantley","last_name":"Haselup","gender":"Male","age":57},{"company":"wikispaces","first_name":"Conn","last_name":"Hawson","gender":"Male","age":39},{"company":"wikispaces","first_name":"Wendel","last_name":"Wadelin","gender":"Male","age":41},{"company":"wikispaces","first_name":"Shalne","last_name":"Smail","gender":"Female","age":46},{"company":"wix","first_name":"Jo-anne","last_name":"Neaves","gender":"Female","age":11},{"company":"wix","first_name":"Gwen","last_name":"Lumbers","gender":"Female","age":41},{"company":"woothemes","first_name":"Reuven","last_name":"Enders","gender":"Male","age":6},{"company":"woothemes","first_name":"Millard","last_name":"Longden","gender":"Male","age":64},{"company":"wordpress","first_name":"Jonis","last_name":"Sprosson","gender":"Female","age":0},{"company":"wordpress","first_name":"Nobe","last_name":"Cruft","gender":"Male","age":54},{"company":"wordpress","first_name":"Roth","last_name":"Pavlenkov","gender":"Male","age":64},{"company":"wordpress","first_name":"Wendeline","last_name":"Bottjer","gender":"Female","age":66},{"company":"wp","first_name":"Shalom","last_name":"Dumphrey","gender":"Male","age":48},{"company":"wp","first_name":"Claudine","last_name":"Niccols","gender":"Female","age":53},{"company":"wsj","first_name":"Elka","last_name":"Doig","gender":"Female","age":33},{"company":"wufoo","first_name":"Amble","last_name":"Helleker","gender":"Male","age":59},{"company":"wunderground","first_name":"Carmine","last_name":"Toler","gender":"Female","age":35},{"company":"xing","first_name":"Ravi","last_name":"Ivanishev","gender":"Male","age":24},{"company":"xing","first_name":"Henri","last_name":"Scotchford","gender":"Male","age":45},{"company":"xrea","first_name":"Griffin","last_name":"Ousby","gender":"Male","age":71},{"company":"yahoo","first_name":"Marrilee","last_name":"Sissel","gender":"Female","age":31},{"company":"yahoo","first_name":"Yoshiko","last_name":"Bullman","gender":"Female","age":39},{"company":"yahoo","first_name":"Chaddy","last_name":"Medling","gender":"Male","age":43},{"company":"yale","first_name":"Violette","last_name":"Walsh","gender":"Female","age":40},{"company":"yale","first_name":"Bobette","last_name":"Hurndall","gender":"Female","age":48},{"company":"yale","first_name":"Gwenore","last_name":"Arens","gender":"Female","age":65},{"company":"yale","first_name":"Mord","last_name":"Fant","gender":"Male","age":72},{"company":"yandex","first_name":"Lennard","last_name":"Ducroe","gender":"Male","age":20},{"company":"yandex","first_name":"Garwood","last_name":"Prophet","gender":"Male","age":42},{"company":"yandex","first_name":"Pernell","last_name":"Reeman","gender":"Male","age":43},{"company":"yandex","first_name":"Alic","last_name":"Peachman","gender":"Male","age":57},{"company":"ycombinator","first_name":"Lenore","last_name":"Broxton","gender":"Female","age":59},{"company":"yellowbook","first_name":"Charlena","last_name":"Johncey","gender":null,"age":55},{"company":"yellowpages","first_name":"Rab","last_name":"Goldsack","gender":"Male","age":10},{"company":"yellowpages","first_name":"Berthe","last_name":"Valentinuzzi","gender":"Female","age":24},{"company":"yellowpages","first_name":"Elliott","last_name":"Oki","gender":"Male","age":37},{"company":"yellowpages","first_name":"Moises","last_name":"Lansdale","gender":"Male","age":61},{"company":"yolasite","first_name":"Gale","last_name":"Boorne","gender":"Male","age":15},{"company":"yolasite","first_name":"Briney","last_name":"Grafton-Herbert","gender":"Female","age":34},{"company":"youku","first_name":"Philomena","last_name":"Cranstoun","gender":"Female","age":25},{"company":"youku","first_name":"Dianna","last_name":"Handyside","gender":"Female","age":32},{"company":"youku","first_name":"May","last_name":"Sellwood","gender":"Female","age":41},{"company":"youku","first_name":"Humfrey","last_name":"Wheelton","gender":"Male","age":50},{"company":"youku","first_name":"Marchall","last_name":"Bilbee","gender":"Male","age":56},{"company":"youtu","first_name":"Carroll","last_name":"Bertwistle","gender":"Female","age":38},{"company":"youtu","first_name":"Claudette","last_name":"Gabotti","gender":"Female","age":39},{"company":"youtu","first_name":"Tyler","last_name":"Giacovazzo","gender":"Male","age":65},{"company":"youtube","first_name":"Herman","last_name":"Dhennin","gender":"Male","age":3},{"company":"zdnet","first_name":"Guido","last_name":"Comfort","gender":"Male","age":46},{"company":"zdnet","first_name":"Biron","last_name":"Malkinson","gender":"Male","age":48},{"company":"zimbio","first_name":"Becka","last_name":"Waryk","gender":"Female","age":27},{"company":"zimbio","first_name":"Andreana","last_name":"Ladewig","gender":"Female","age":34},{"company":"zimbio","first_name":"Jobyna","last_name":"Busek","gender":"Female","age":75}]